system:index,age,id,median_rate,.geo
0_0,1,1,1.3164210209373146,"{""type"":""MultiPoint"",""coordinates"":[]}"
0_1,2,1,1.3476675448746172,"{""type"":""MultiPoint"",""coordinates"":[]}"
0_2,3,1,1.371093914902361,"{""type"":""MultiPoint"",""coordinates"":[]}"
0_3,4,1,1.3867137136348466,"{""type"":""MultiPoint"",""coordinates"":[]}"
0_4,5,1,1.414002332477334,"{""type"":""MultiPoint"",""coordinates"":[]}"
0_5,6,1,1.429624894337258,"{""type"":""MultiPoint"",""coordinates"":[]}"
0_6,7,1,1.4452540429561007,"{""type"":""MultiPoint"",""coordinates"":[]}"
0_7,8,1,1.4608824359848487,"{""type"":""MultiPoint"",""coordinates"":[]}"
0_8,9,1,1.476518113005292,"{""type"":""MultiPoint"",""coordinates"":[]}"
0_9,10,1,1.4921037448648415,"{""type"":""MultiPoint"",""coordinates"":[]}"
0_10,11,1,1.5077159371712912,"{""type"":""MultiPoint"",""coordinates"":[]}"
0_11,12,1,1.5077316999103163,"{""type"":""MultiPoint"",""coordinates"":[]}"
0_12,13,1,1.5233550941240028,"{""type"":""MultiPoint"",""coordinates"":[]}"
0_13,14,1,1.5389752123896854,"{""type"":""MultiPoint"",""coordinates"":[]}"
0_14,15,1,1.5389585690967953,"{""type"":""MultiPoint"",""coordinates"":[]}"
0_15,16,1,1.5389634566908446,"{""type"":""MultiPoint"",""coordinates"":[]}"
0_16,17,1,1.554581033322017,"{""type"":""MultiPoint"",""coordinates"":[]}"
0_17,18,1,1.5545916977369154,"{""type"":""MultiPoint"",""coordinates"":[]}"
0_18,19,1,1.5545886862606668,"{""type"":""MultiPoint"",""coordinates"":[]}"
0_19,20,1,1.5545792385931654,"{""type"":""MultiPoint"",""coordinates"":[]}"
0_20,21,1,1.5545822820405875,"{""type"":""MultiPoint"",""coordinates"":[]}"
0_21,22,1,1.5546073104742077,"{""type"":""MultiPoint"",""coordinates"":[]}"
0_22,23,1,1.5546025463702513,"{""type"":""MultiPoint"",""coordinates"":[]}"
0_23,24,1,1.5546114222443743,"{""type"":""MultiPoint"",""coordinates"":[]}"
0_24,25,1,1.5546223192906028,"{""type"":""MultiPoint"",""coordinates"":[]}"
0_25,26,1,1.5546126736748889,"{""type"":""MultiPoint"",""coordinates"":[]}"
0_26,27,1,1.538975854826665,"{""type"":""MultiPoint"",""coordinates"":[]}"
0_27,28,1,1.5389807916409515,"{""type"":""MultiPoint"",""coordinates"":[]}"
0_28,29,1,1.5389812806992937,"{""type"":""MultiPoint"",""coordinates"":[]}"
0_29,30,1,1.5233738372179808,"{""type"":""MultiPoint"",""coordinates"":[]}"
0_30,31,1,1.523365536470687,"{""type"":""MultiPoint"",""coordinates"":[]}"
0_31,32,1,1.5077281887306015,"{""type"":""MultiPoint"",""coordinates"":[]}"
0_32,33,1,1.5077394999316838,"{""type"":""MultiPoint"",""coordinates"":[]}"
0_33,34,1,1.4921235169293716,"{""type"":""MultiPoint"",""coordinates"":[]}"
0_34,35,1,1.4764821490120605,"{""type"":""MultiPoint"",""coordinates"":[]}"
0_35,36,1,1.4764870936054069,"{""type"":""MultiPoint"",""coordinates"":[]}"
0_36,37,1,1.460842710524158,"{""type"":""MultiPoint"",""coordinates"":[]}"
0_37,38,1,1.4452331298237686,"{""type"":""MultiPoint"",""coordinates"":[]}"
0_38,39,1,1.445245502545432,"{""type"":""MultiPoint"",""coordinates"":[]}"
0_39,40,1,1.429623415454882,"{""type"":""MultiPoint"",""coordinates"":[]}"
0_40,41,1,1.4139949744429514,"{""type"":""MultiPoint"",""coordinates"":[]}"
0_41,42,1,1.3983406739957471,"{""type"":""MultiPoint"",""coordinates"":[]}"
0_42,43,1,1.3983987661035087,"{""type"":""MultiPoint"",""coordinates"":[]}"
0_43,44,1,1.3827361639788494,"{""type"":""MultiPoint"",""coordinates"":[]}"
0_44,45,1,1.3671340347629513,"{""type"":""MultiPoint"",""coordinates"":[]}"
0_45,46,1,1.3515194812707843,"{""type"":""MultiPoint"",""coordinates"":[]}"
0_46,47,1,1.3358769155902899,"{""type"":""MultiPoint"",""coordinates"":[]}"
0_47,48,1,1.3202674413032516,"{""type"":""MultiPoint"",""coordinates"":[]}"
0_48,49,1,1.3202566687148303,"{""type"":""MultiPoint"",""coordinates"":[]}"
0_49,50,1,1.3046425094878706,"{""type"":""MultiPoint"",""coordinates"":[]}"
0_50,51,1,1.289032958408391,"{""type"":""MultiPoint"",""coordinates"":[]}"
0_51,52,1,1.2734201317852767,"{""type"":""MultiPoint"",""coordinates"":[]}"
0_52,53,1,1.2577893244022074,"{""type"":""MultiPoint"",""coordinates"":[]}"
0_53,54,1,1.2421587193775057,"{""type"":""MultiPoint"",""coordinates"":[]}"
0_54,55,1,1.2265545987332969,"{""type"":""MultiPoint"",""coordinates"":[]}"
0_55,56,1,1.2109381249047757,"{""type"":""MultiPoint"",""coordinates"":[]}"
0_56,57,1,1.1953293140536445,"{""type"":""MultiPoint"",""coordinates"":[]}"
0_57,58,1,1.1797177173982671,"{""type"":""MultiPoint"",""coordinates"":[]}"
0_58,59,1,1.1641154471565582,"{""type"":""MultiPoint"",""coordinates"":[]}"
0_59,60,1,1.1523485791415709,"{""type"":""MultiPoint"",""coordinates"":[]}"
0_60,61,1,1.1367213758633903,"{""type"":""MultiPoint"",""coordinates"":[]}"
0_61,62,1,1.1211125989341804,"{""type"":""MultiPoint"",""coordinates"":[]}"
0_62,63,1,1.105493551447059,"{""type"":""MultiPoint"",""coordinates"":[]}"
0_63,64,1,1.0898540137580899,"{""type"":""MultiPoint"",""coordinates"":[]}"
0_64,65,1,1.0742297468618385,"{""type"":""MultiPoint"",""coordinates"":[]}"
0_65,66,1,1.0586011692018218,"{""type"":""MultiPoint"",""coordinates"":[]}"
0_66,67,1,1.0507981047782338,"{""type"":""MultiPoint"",""coordinates"":[]}"
0_67,68,1,1.0351835670958083,"{""type"":""MultiPoint"",""coordinates"":[]}"
0_68,69,1,1.0195492611543682,"{""type"":""MultiPoint"",""coordinates"":[]}"
0_69,70,1,1.0039318643789374,"{""type"":""MultiPoint"",""coordinates"":[]}"
0_70,71,1,0.9883084036035381,"{""type"":""MultiPoint"",""coordinates"":[]}"
0_71,72,1,0.9726778849950241,"{""type"":""MultiPoint"",""coordinates"":[]}"
0_72,73,1,0.9570689847024122,"{""type"":""MultiPoint"",""coordinates"":[]}"
0_73,74,1,0.9414388263805373,"{""type"":""MultiPoint"",""coordinates"":[]}"
0_74,75,1,0.9258095409660391,"{""type"":""MultiPoint"",""coordinates"":[]}"
0_75,76,1,0.9180054823520871,"{""type"":""MultiPoint"",""coordinates"":[]}"
0_76,77,1,0.9023759390097197,"{""type"":""MultiPoint"",""coordinates"":[]}"
0_77,78,1,0.8867405329926321,"{""type"":""MultiPoint"",""coordinates"":[]}"
0_78,79,1,0.8711193722840592,"{""type"":""MultiPoint"",""coordinates"":[]}"
0_79,80,1,0.8554961669630909,"{""type"":""MultiPoint"",""coordinates"":[]}"
0_80,81,1,0.8398740520267778,"{""type"":""MultiPoint"",""coordinates"":[]}"
0_81,82,1,0.832054635232229,"{""type"":""MultiPoint"",""coordinates"":[]}"
0_82,83,1,0.8164247166064631,"{""type"":""MultiPoint"",""coordinates"":[]}"
0_83,84,1,0.8008057469051195,"{""type"":""MultiPoint"",""coordinates"":[]}"
0_84,85,1,0.785177767310123,"{""type"":""MultiPoint"",""coordinates"":[]}"
0_85,86,1,0.7773556405567239,"{""type"":""MultiPoint"",""coordinates"":[]}"
0_86,87,1,0.761733136785032,"{""type"":""MultiPoint"",""coordinates"":[]}"
0_87,88,1,0.7461061549247973,"{""type"":""MultiPoint"",""coordinates"":[]}"
0_88,89,1,0.7304783116516669,"{""type"":""MultiPoint"",""coordinates"":[]}"
0_89,90,1,0.7226613381256882,"{""type"":""MultiPoint"",""coordinates"":[]}"
0_90,91,1,0.7070395685764087,"{""type"":""MultiPoint"",""coordinates"":[]}"
0_91,92,1,0.6914132779458075,"{""type"":""MultiPoint"",""coordinates"":[]}"
0_92,93,1,0.6835852186473659,"{""type"":""MultiPoint"",""coordinates"":[]}"
0_93,94,1,0.6679736888622771,"{""type"":""MultiPoint"",""coordinates"":[]}"
0_94,95,1,0.6601489864974234,"{""type"":""MultiPoint"",""coordinates"":[]}"
0_95,96,1,0.6445279402128976,"{""type"":""MultiPoint"",""coordinates"":[]}"
0_96,97,1,0.6367126451709488,"{""type"":""MultiPoint"",""coordinates"":[]}"
0_97,98,1,0.6210933459761566,"{""type"":""MultiPoint"",""coordinates"":[]}"
0_98,99,1,0.6132772872951539,"{""type"":""MultiPoint"",""coordinates"":[]}"
0_99,100,1,0.597650908993578,"{""type"":""MultiPoint"",""coordinates"":[]}"
1_0,1,2,0.5976514488453094,"{""type"":""MultiPoint"",""coordinates"":[]}"
1_1,2,2,0.6132772652460016,"{""type"":""MultiPoint"",""coordinates"":[]}"
1_2,3,2,0.6210707201811998,"{""type"":""MultiPoint"",""coordinates"":[]}"
1_3,4,2,0.636664571756035,"{""type"":""MultiPoint"",""coordinates"":[]}"
1_4,5,2,0.6444831886750881,"{""type"":""MultiPoint"",""coordinates"":[]}"
1_5,6,2,0.6484990528783002,"{""type"":""MultiPoint"",""coordinates"":[]}"
1_6,7,2,0.6640333385131562,"{""type"":""MultiPoint"",""coordinates"":[]}"
1_7,8,2,0.6795520505024026,"{""type"":""MultiPoint"",""coordinates"":[]}"
1_8,9,2,0.6797616858687685,"{""type"":""MultiPoint"",""coordinates"":[]}"
1_9,10,2,0.6953405469347295,"{""type"":""MultiPoint"",""coordinates"":[]}"
1_10,11,2,0.6953678013518171,"{""type"":""MultiPoint"",""coordinates"":[]}"
1_11,12,2,0.7110474835660595,"{""type"":""MultiPoint"",""coordinates"":[]}"
1_12,13,2,0.7109591504657251,"{""type"":""MultiPoint"",""coordinates"":[]}"
1_13,14,2,0.7267050534753053,"{""type"":""MultiPoint"",""coordinates"":[]}"
1_14,15,2,0.7266395256704163,"{""type"":""MultiPoint"",""coordinates"":[]}"
1_15,16,2,0.726488444538223,"{""type"":""MultiPoint"",""coordinates"":[]}"
1_16,17,2,0.7422941592501631,"{""type"":""MultiPoint"",""coordinates"":[]}"
1_17,18,2,0.7421816266012065,"{""type"":""MultiPoint"",""coordinates"":[]}"
1_18,19,2,0.7421363226915602,"{""type"":""MultiPoint"",""coordinates"":[]}"
1_19,20,2,0.757873544550976,"{""type"":""MultiPoint"",""coordinates"":[]}"
1_20,21,2,0.7578794189620747,"{""type"":""MultiPoint"",""coordinates"":[]}"
1_21,22,2,0.7578260326300951,"{""type"":""MultiPoint"",""coordinates"":[]}"
1_22,23,2,0.7577548127915293,"{""type"":""MultiPoint"",""coordinates"":[]}"
1_23,24,2,0.7577226993625475,"{""type"":""MultiPoint"",""coordinates"":[]}"
1_24,25,2,0.77349653749585,"{""type"":""MultiPoint"",""coordinates"":[]}"
1_25,26,2,0.7734616354320247,"{""type"":""MultiPoint"",""coordinates"":[]}"
1_26,27,2,0.7734592273499076,"{""type"":""MultiPoint"",""coordinates"":[]}"
1_27,28,2,0.7734089941156721,"{""type"":""MultiPoint"",""coordinates"":[]}"
1_28,29,2,0.7734153790261714,"{""type"":""MultiPoint"",""coordinates"":[]}"
1_29,30,2,0.7734105378203772,"{""type"":""MultiPoint"",""coordinates"":[]}"
1_30,31,2,0.7734397847457775,"{""type"":""MultiPoint"",""coordinates"":[]}"
1_31,32,2,0.7734382491145487,"{""type"":""MultiPoint"",""coordinates"":[]}"
1_32,33,2,0.7734295121867975,"{""type"":""MultiPoint"",""coordinates"":[]}"
1_33,34,2,0.7734363086316292,"{""type"":""MultiPoint"",""coordinates"":[]}"
1_34,35,2,0.7734388367071732,"{""type"":""MultiPoint"",""coordinates"":[]}"
1_35,36,2,0.7734412707993947,"{""type"":""MultiPoint"",""coordinates"":[]}"
1_36,37,2,0.7734299326562053,"{""type"":""MultiPoint"",""coordinates"":[]}"
1_37,38,2,0.7734318909647386,"{""type"":""MultiPoint"",""coordinates"":[]}"
1_38,39,2,0.773400397712364,"{""type"":""MultiPoint"",""coordinates"":[]}"
1_39,40,2,0.7734121354023394,"{""type"":""MultiPoint"",""coordinates"":[]}"
1_40,41,2,0.77343123994373,"{""type"":""MultiPoint"",""coordinates"":[]}"
1_41,42,2,0.7734411851607216,"{""type"":""MultiPoint"",""coordinates"":[]}"
1_42,43,2,0.7734819291728423,"{""type"":""MultiPoint"",""coordinates"":[]}"
1_43,44,2,0.7735259174651785,"{""type"":""MultiPoint"",""coordinates"":[]}"
1_44,45,2,0.7577833225578753,"{""type"":""MultiPoint"",""coordinates"":[]}"
1_45,46,2,0.7578472093476026,"{""type"":""MultiPoint"",""coordinates"":[]}"
1_46,47,2,0.7579275826674065,"{""type"":""MultiPoint"",""coordinates"":[]}"
1_47,48,2,0.7579832987741388,"{""type"":""MultiPoint"",""coordinates"":[]}"
1_48,49,2,0.7579713846546715,"{""type"":""MultiPoint"",""coordinates"":[]}"
1_49,50,2,0.7422855234689615,"{""type"":""MultiPoint"",""coordinates"":[]}"
1_50,51,2,0.7423581733305203,"{""type"":""MultiPoint"",""coordinates"":[]}"
1_51,52,2,0.7461266386439476,"{""type"":""MultiPoint"",""coordinates"":[]}"
1_52,53,2,0.7383228464688991,"{""type"":""MultiPoint"",""coordinates"":[]}"
1_53,54,2,0.738326847070744,"{""type"":""MultiPoint"",""coordinates"":[]}"
1_54,55,2,0.7305344064681328,"{""type"":""MultiPoint"",""coordinates"":[]}"
1_55,56,2,0.7227053483468644,"{""type"":""MultiPoint"",""coordinates"":[]}"
1_56,57,2,0.7226718069666395,"{""type"":""MultiPoint"",""coordinates"":[]}"
1_57,58,2,0.714865165686255,"{""type"":""MultiPoint"",""coordinates"":[]}"
1_58,59,2,0.7148594642696698,"{""type"":""MultiPoint"",""coordinates"":[]}"
1_59,60,2,0.707035744938132,"{""type"":""MultiPoint"",""coordinates"":[]}"
1_60,61,2,0.6991823352548189,"{""type"":""MultiPoint"",""coordinates"":[]}"
1_61,62,2,0.699275519321408,"{""type"":""MultiPoint"",""coordinates"":[]}"
1_62,63,2,0.6914603139633088,"{""type"":""MultiPoint"",""coordinates"":[]}"
1_63,64,2,0.6836212579361832,"{""type"":""MultiPoint"",""coordinates"":[]}"
1_64,65,2,0.6836607769834303,"{""type"":""MultiPoint"",""coordinates"":[]}"
1_65,66,2,0.675852464443619,"{""type"":""MultiPoint"",""coordinates"":[]}"
1_66,67,2,0.6680367990014014,"{""type"":""MultiPoint"",""coordinates"":[]}"
1_67,68,2,0.668067032480776,"{""type"":""MultiPoint"",""coordinates"":[]}"
1_68,69,2,0.6602407621853776,"{""type"":""MultiPoint"",""coordinates"":[]}"
1_69,70,2,0.6524140570656424,"{""type"":""MultiPoint"",""coordinates"":[]}"
1_70,71,2,0.6446058879303432,"{""type"":""MultiPoint"",""coordinates"":[]}"
1_71,72,2,0.6367884600827681,"{""type"":""MultiPoint"",""coordinates"":[]}"
1_72,73,2,0.636820329771021,"{""type"":""MultiPoint"",""coordinates"":[]}"
1_73,74,2,0.6290038133370855,"{""type"":""MultiPoint"",""coordinates"":[]}"
1_74,75,2,0.6211793512246073,"{""type"":""MultiPoint"",""coordinates"":[]}"
1_75,76,2,0.613347053112711,"{""type"":""MultiPoint"",""coordinates"":[]}"
1_76,77,2,0.6055369992286663,"{""type"":""MultiPoint"",""coordinates"":[]}"
1_77,78,2,0.5977307698620007,"{""type"":""MultiPoint"",""coordinates"":[]}"
1_78,79,2,0.5899154458204173,"{""type"":""MultiPoint"",""coordinates"":[]}"
1_79,80,2,0.5821156263471199,"{""type"":""MultiPoint"",""coordinates"":[]}"
1_80,81,2,0.5820583904242141,"{""type"":""MultiPoint"",""coordinates"":[]}"
1_81,82,2,0.5742530532500276,"{""type"":""MultiPoint"",""coordinates"":[]}"
1_82,83,2,0.5664472303200083,"{""type"":""MultiPoint"",""coordinates"":[]}"
1_83,84,2,0.558647911294647,"{""type"":""MultiPoint"",""coordinates"":[]}"
1_84,85,2,0.5508451132015444,"{""type"":""MultiPoint"",""coordinates"":[]}"
1_85,86,2,0.5430351490511132,"{""type"":""MultiPoint"",""coordinates"":[]}"
1_86,87,2,0.5352169655437807,"{""type"":""MultiPoint"",""coordinates"":[]}"
1_87,88,2,0.5274025923595398,"{""type"":""MultiPoint"",""coordinates"":[]}"
1_88,89,2,0.527341906531817,"{""type"":""MultiPoint"",""coordinates"":[]}"
1_89,90,2,0.5195376959143561,"{""type"":""MultiPoint"",""coordinates"":[]}"
1_90,91,2,0.5117376294227998,"{""type"":""MultiPoint"",""coordinates"":[]}"
1_91,92,2,0.503915578399701,"{""type"":""MultiPoint"",""coordinates"":[]}"
1_92,93,2,0.4960943217692183,"{""type"":""MultiPoint"",""coordinates"":[]}"
1_93,94,2,0.48827327951893595,"{""type"":""MultiPoint"",""coordinates"":[]}"
1_94,95,2,0.48047341299477914,"{""type"":""MultiPoint"",""coordinates"":[]}"
1_95,96,2,0.47265895997152196,"{""type"":""MultiPoint"",""coordinates"":[]}"
1_96,97,2,0.47264735515988876,"{""type"":""MultiPoint"",""coordinates"":[]}"
1_97,98,2,0.4648215013234104,"{""type"":""MultiPoint"",""coordinates"":[]}"
1_98,99,2,0.45701407792484783,"{""type"":""MultiPoint"",""coordinates"":[]}"
1_99,100,2,0.45116426082241123,"{""type"":""MultiPoint"",""coordinates"":[]}"
2_0,1,3,0.5819944018261892,"{""type"":""MultiPoint"",""coordinates"":[]}"
2_1,2,3,0.5898269616580719,"{""type"":""MultiPoint"",""coordinates"":[]}"
2_2,3,3,0.5976464594627718,"{""type"":""MultiPoint"",""coordinates"":[]}"
2_3,4,3,0.6133005889733667,"{""type"":""MultiPoint"",""coordinates"":[]}"
2_4,5,3,0.6172028507417643,"{""type"":""MultiPoint"",""coordinates"":[]}"
2_5,6,3,0.6326035115569693,"{""type"":""MultiPoint"",""coordinates"":[]}"
2_6,7,3,0.6327402831044436,"{""type"":""MultiPoint"",""coordinates"":[]}"
2_7,8,3,0.6483381087556778,"{""type"":""MultiPoint"",""coordinates"":[]}"
2_8,9,3,0.6483762211008995,"{""type"":""MultiPoint"",""coordinates"":[]}"
2_9,10,3,0.6640337751421995,"{""type"":""MultiPoint"",""coordinates"":[]}"
2_10,11,3,0.6640896699970884,"{""type"":""MultiPoint"",""coordinates"":[]}"
2_11,12,3,0.6796263724991747,"{""type"":""MultiPoint"",""coordinates"":[]}"
2_12,13,3,0.679661665993668,"{""type"":""MultiPoint"",""coordinates"":[]}"
2_13,14,3,0.695267263656798,"{""type"":""MultiPoint"",""coordinates"":[]}"
2_14,15,3,0.6952724186663932,"{""type"":""MultiPoint"",""coordinates"":[]}"
2_15,16,3,0.6952622337695693,"{""type"":""MultiPoint"",""coordinates"":[]}"
2_16,17,3,0.7109056896935586,"{""type"":""MultiPoint"",""coordinates"":[]}"
2_17,18,3,0.7109546208540146,"{""type"":""MultiPoint"",""coordinates"":[]}"
2_18,19,3,0.7109234957282734,"{""type"":""MultiPoint"",""coordinates"":[]}"
2_19,20,3,0.7264949867468345,"{""type"":""MultiPoint"",""coordinates"":[]}"
2_20,21,3,0.7266778752256827,"{""type"":""MultiPoint"",""coordinates"":[]}"
2_21,22,3,0.7266085106807186,"{""type"":""MultiPoint"",""coordinates"":[]}"
2_22,23,3,0.726570296248323,"{""type"":""MultiPoint"",""coordinates"":[]}"
2_23,24,3,0.7421474907901688,"{""type"":""MultiPoint"",""coordinates"":[]}"
2_24,25,3,0.742175317554655,"{""type"":""MultiPoint"",""coordinates"":[]}"
2_25,26,3,0.7421754450108747,"{""type"":""MultiPoint"",""coordinates"":[]}"
2_26,27,3,0.7421903863702024,"{""type"":""MultiPoint"",""coordinates"":[]}"
2_27,28,3,0.7421974485718039,"{""type"":""MultiPoint"",""coordinates"":[]}"
2_28,29,3,0.7422043481184867,"{""type"":""MultiPoint"",""coordinates"":[]}"
2_29,30,3,0.7578287213214384,"{""type"":""MultiPoint"",""coordinates"":[]}"
2_30,31,3,0.757788958534519,"{""type"":""MultiPoint"",""coordinates"":[]}"
2_31,32,3,0.7577927466781013,"{""type"":""MultiPoint"",""coordinates"":[]}"
2_32,33,3,0.7577411018469735,"{""type"":""MultiPoint"",""coordinates"":[]}"
2_33,34,3,0.7577400607912278,"{""type"":""MultiPoint"",""coordinates"":[]}"
2_34,35,3,0.7577229709284191,"{""type"":""MultiPoint"",""coordinates"":[]}"
2_35,36,3,0.7576943673213197,"{""type"":""MultiPoint"",""coordinates"":[]}"
2_36,37,3,0.7577528680534664,"{""type"":""MultiPoint"",""coordinates"":[]}"
2_37,38,3,0.7577294394311546,"{""type"":""MultiPoint"",""coordinates"":[]}"
2_38,39,3,0.7578335724104962,"{""type"":""MultiPoint"",""coordinates"":[]}"
2_39,40,3,0.757842041007789,"{""type"":""MultiPoint"",""coordinates"":[]}"
2_40,41,3,0.7578611345136527,"{""type"":""MultiPoint"",""coordinates"":[]}"
2_41,42,3,0.7578410629849841,"{""type"":""MultiPoint"",""coordinates"":[]}"
2_42,43,3,0.7577920928072697,"{""type"":""MultiPoint"",""coordinates"":[]}"
2_43,44,3,0.7578362353627229,"{""type"":""MultiPoint"",""coordinates"":[]}"
2_44,45,3,0.7578219172008472,"{""type"":""MultiPoint"",""coordinates"":[]}"
2_45,46,3,0.7578591359880543,"{""type"":""MultiPoint"",""coordinates"":[]}"
2_46,47,3,0.7577940312603768,"{""type"":""MultiPoint"",""coordinates"":[]}"
2_47,48,3,0.7422191189397462,"{""type"":""MultiPoint"",""coordinates"":[]}"
2_48,49,3,0.7422451586830713,"{""type"":""MultiPoint"",""coordinates"":[]}"
2_49,50,3,0.7460603957376054,"{""type"":""MultiPoint"",""coordinates"":[]}"
2_50,51,3,0.7461167794520676,"{""type"":""MultiPoint"",""coordinates"":[]}"
2_51,52,3,0.7382683031352608,"{""type"":""MultiPoint"",""coordinates"":[]}"
2_52,53,3,0.7382820288122218,"{""type"":""MultiPoint"",""coordinates"":[]}"
2_53,54,3,0.7382756430892166,"{""type"":""MultiPoint"",""coordinates"":[]}"
2_54,55,3,0.7305611749326122,"{""type"":""MultiPoint"",""coordinates"":[]}"
2_55,56,3,0.7305258295179146,"{""type"":""MultiPoint"",""coordinates"":[]}"
2_56,57,3,0.7226642615398738,"{""type"":""MultiPoint"",""coordinates"":[]}"
2_57,58,3,0.7226878921443995,"{""type"":""MultiPoint"",""coordinates"":[]}"
2_58,59,3,0.7227007073317193,"{""type"":""MultiPoint"",""coordinates"":[]}"
2_59,60,3,0.7148599686560693,"{""type"":""MultiPoint"",""coordinates"":[]}"
2_60,61,3,0.714881380542521,"{""type"":""MultiPoint"",""coordinates"":[]}"
2_61,62,3,0.7071110295257306,"{""type"":""MultiPoint"",""coordinates"":[]}"
2_62,63,3,0.7070981844234746,"{""type"":""MultiPoint"",""coordinates"":[]}"
2_63,64,3,0.6992771764723706,"{""type"":""MultiPoint"",""coordinates"":[]}"
2_64,65,3,0.6915089554911608,"{""type"":""MultiPoint"",""coordinates"":[]}"
2_65,66,3,0.6914658647028988,"{""type"":""MultiPoint"",""coordinates"":[]}"
2_66,67,3,0.6836968288655271,"{""type"":""MultiPoint"",""coordinates"":[]}"
2_67,68,3,0.6758731842041016,"{""type"":""MultiPoint"",""coordinates"":[]}"
2_68,69,3,0.6758703952985452,"{""type"":""MultiPoint"",""coordinates"":[]}"
2_69,70,3,0.6680699802427557,"{""type"":""MultiPoint"",""coordinates"":[]}"
2_70,71,3,0.6602560104217816,"{""type"":""MultiPoint"",""coordinates"":[]}"
2_71,72,3,0.6524686006790444,"{""type"":""MultiPoint"",""coordinates"":[]}"
2_72,73,3,0.6446189086874634,"{""type"":""MultiPoint"",""coordinates"":[]}"
2_73,74,3,0.636809751146853,"{""type"":""MultiPoint"",""coordinates"":[]}"
2_74,75,3,0.6289892334097876,"{""type"":""MultiPoint"",""coordinates"":[]}"
2_75,76,3,0.6211606641513326,"{""type"":""MultiPoint"",""coordinates"":[]}"
2_76,77,3,0.6211092917675687,"{""type"":""MultiPoint"",""coordinates"":[]}"
2_77,78,3,0.613253754288094,"{""type"":""MultiPoint"",""coordinates"":[]}"
2_78,79,3,0.6054320180989046,"{""type"":""MultiPoint"",""coordinates"":[]}"
2_79,80,3,0.5976221747650041,"{""type"":""MultiPoint"",""coordinates"":[]}"
2_80,81,3,0.5898458152351849,"{""type"":""MultiPoint"",""coordinates"":[]}"
2_81,82,3,0.5819952959887712,"{""type"":""MultiPoint"",""coordinates"":[]}"
2_82,83,3,0.5741710072807923,"{""type"":""MultiPoint"",""coordinates"":[]}"
2_83,84,3,0.5663519119021432,"{""type"":""MultiPoint"",""coordinates"":[]}"
2_84,85,3,0.5585548537679085,"{""type"":""MultiPoint"",""coordinates"":[]}"
2_85,86,3,0.5507499122852374,"{""type"":""MultiPoint"",""coordinates"":[]}"
2_86,87,3,0.5507907434045561,"{""type"":""MultiPoint"",""coordinates"":[]}"
2_87,88,3,0.5429326496236685,"{""type"":""MultiPoint"",""coordinates"":[]}"
2_88,89,3,0.535109653710947,"{""type"":""MultiPoint"",""coordinates"":[]}"
2_89,90,3,0.5273340029474723,"{""type"":""MultiPoint"",""coordinates"":[]}"
2_90,91,3,0.519533978740268,"{""type"":""MultiPoint"",""coordinates"":[]}"
2_91,92,3,0.5117248462071065,"{""type"":""MultiPoint"",""coordinates"":[]}"
2_92,93,3,0.5038828051591361,"{""type"":""MultiPoint"",""coordinates"":[]}"
2_93,94,3,0.503914019209871,"{""type"":""MultiPoint"",""coordinates"":[]}"
2_94,95,3,0.49608203594114847,"{""type"":""MultiPoint"",""coordinates"":[]}"
2_95,96,3,0.4882832515403963,"{""type"":""MultiPoint"",""coordinates"":[]}"
2_96,97,3,0.4804742709649621,"{""type"":""MultiPoint"",""coordinates"":[]}"
2_97,98,3,0.47264504236661214,"{""type"":""MultiPoint"",""coordinates"":[]}"
2_98,99,3,0.46483338596331003,"{""type"":""MultiPoint"",""coordinates"":[]}"
2_99,100,3,0.46483829560331547,"{""type"":""MultiPoint"",""coordinates"":[]}"
3_0,1,4,0.5549015518416387,"{""type"":""MultiPoint"",""coordinates"":[]}"
3_1,2,4,0.5861438152643268,"{""type"":""MultiPoint"",""coordinates"":[]}"
3_2,3,4,0.6328212544634447,"{""type"":""MultiPoint"",""coordinates"":[]}"
3_3,4,4,0.648506274235419,"{""type"":""MultiPoint"",""coordinates"":[]}"
3_4,5,4,0.6797382679646112,"{""type"":""MultiPoint"",""coordinates"":[]}"
3_5,6,4,0.7109685714731783,"{""type"":""MultiPoint"",""coordinates"":[]}"
3_6,7,4,0.7422390892789863,"{""type"":""MultiPoint"",""coordinates"":[]}"
3_7,8,4,0.7578005820194655,"{""type"":""MultiPoint"",""coordinates"":[]}"
3_8,9,4,0.7890713292669194,"{""type"":""MultiPoint"",""coordinates"":[]}"
3_9,10,4,0.8045910002661566,"{""type"":""MultiPoint"",""coordinates"":[]}"
3_10,11,4,0.8201192044162812,"{""type"":""MultiPoint"",""coordinates"":[]}"
3_11,12,4,0.8356881745353499,"{""type"":""MultiPoint"",""coordinates"":[]}"
3_12,13,4,0.8513191225817802,"{""type"":""MultiPoint"",""coordinates"":[]}"
3_13,14,4,0.8669810736912494,"{""type"":""MultiPoint"",""coordinates"":[]}"
3_14,15,4,0.8826119282174951,"{""type"":""MultiPoint"",""coordinates"":[]}"
3_15,16,4,0.898225336122983,"{""type"":""MultiPoint"",""coordinates"":[]}"
3_16,17,4,0.9138206440187715,"{""type"":""MultiPoint"",""coordinates"":[]}"
3_17,18,4,0.9140024817085546,"{""type"":""MultiPoint"",""coordinates"":[]}"
3_18,19,4,0.929544043308005,"{""type"":""MultiPoint"",""coordinates"":[]}"
3_19,20,4,0.9296571216679768,"{""type"":""MultiPoint"",""coordinates"":[]}"
3_20,21,4,0.9297159320273177,"{""type"":""MultiPoint"",""coordinates"":[]}"
3_21,22,4,0.9523571207901603,"{""type"":""MultiPoint"",""coordinates"":[]}"
3_22,23,4,0.9525233033035457,"{""type"":""MultiPoint"",""coordinates"":[]}"
3_23,24,4,0.9526221149742765,"{""type"":""MultiPoint"",""coordinates"":[]}"
3_24,25,4,0.9526599399368716,"{""type"":""MultiPoint"",""coordinates"":[]}"
3_25,26,4,0.9526511616414969,"{""type"":""MultiPoint"",""coordinates"":[]}"
3_26,27,4,0.9525923565049189,"{""type"":""MultiPoint"",""coordinates"":[]}"
3_27,28,4,0.9524894907168582,"{""type"":""MultiPoint"",""coordinates"":[]}"
3_28,29,4,0.9224683541601051,"{""type"":""MultiPoint"",""coordinates"":[]}"
3_29,30,4,0.9223417568240617,"{""type"":""MultiPoint"",""coordinates"":[]}"
3_30,31,4,0.9296769254577261,"{""type"":""MultiPoint"",""coordinates"":[]}"
3_31,32,4,0.9141612721495631,"{""type"":""MultiPoint"",""coordinates"":[]}"
3_32,33,4,0.9140935670314617,"{""type"":""MultiPoint"",""coordinates"":[]}"
3_33,34,4,0.8985635961212884,"{""type"":""MultiPoint"",""coordinates"":[]}"
3_34,35,4,0.898483248710304,"{""type"":""MultiPoint"",""coordinates"":[]}"
3_35,36,4,0.8829587389304615,"{""type"":""MultiPoint"",""coordinates"":[]}"
3_36,37,4,0.8828787052345125,"{""type"":""MultiPoint"",""coordinates"":[]}"
3_37,38,4,0.8673403713549196,"{""type"":""MultiPoint"",""coordinates"":[]}"
3_38,39,4,0.8672338775177387,"{""type"":""MultiPoint"",""coordinates"":[]}"
3_39,40,4,0.8516887496839278,"{""type"":""MultiPoint"",""coordinates"":[]}"
3_40,41,4,0.8360880736313995,"{""type"":""MultiPoint"",""coordinates"":[]}"
3_41,42,4,0.8360084703756886,"{""type"":""MultiPoint"",""coordinates"":[]}"
3_42,43,4,0.8204236375037096,"{""type"":""MultiPoint"",""coordinates"":[]}"
3_43,44,4,0.8048150150470708,"{""type"":""MultiPoint"",""coordinates"":[]}"
3_44,45,4,0.7891954248482143,"{""type"":""MultiPoint"",""coordinates"":[]}"
3_45,46,4,0.7891007011521197,"{""type"":""MultiPoint"",""coordinates"":[]}"
3_46,47,4,0.7735125920892445,"{""type"":""MultiPoint"",""coordinates"":[]}"
3_47,48,4,0.7579062197070833,"{""type"":""MultiPoint"",""coordinates"":[]}"
3_48,49,4,0.7423284619433852,"{""type"":""MultiPoint"",""coordinates"":[]}"
3_49,50,4,0.7422405799651142,"{""type"":""MultiPoint"",""coordinates"":[]}"
3_50,51,4,0.7266482689653496,"{""type"":""MultiPoint"",""coordinates"":[]}"
3_51,52,4,0.7110595062409445,"{""type"":""MultiPoint"",""coordinates"":[]}"
3_52,53,4,0.6954543790729062,"{""type"":""MultiPoint"",""coordinates"":[]}"
3_53,54,4,0.6953990170487843,"{""type"":""MultiPoint"",""coordinates"":[]}"
3_54,55,4,0.6797720504444384,"{""type"":""MultiPoint"",""coordinates"":[]}"
3_55,56,4,0.664143703337655,"{""type"":""MultiPoint"",""coordinates"":[]}"
3_56,57,4,0.6485401398026392,"{""type"":""MultiPoint"",""coordinates"":[]}"
3_57,58,4,0.632921683847978,"{""type"":""MultiPoint"",""coordinates"":[]}"
3_58,59,4,0.6328302850462708,"{""type"":""MultiPoint"",""coordinates"":[]}"
3_59,60,4,0.6172384497181633,"{""type"":""MultiPoint"",""coordinates"":[]}"
3_60,61,4,0.6016413797379361,"{""type"":""MultiPoint"",""coordinates"":[]}"
3_61,62,4,0.6014568004156016,"{""type"":""MultiPoint"",""coordinates"":[]}"
3_62,63,4,0.5858711551411471,"{""type"":""MultiPoint"",""coordinates"":[]}"
3_63,64,4,0.5702743892291323,"{""type"":""MultiPoint"",""coordinates"":[]}"
3_64,65,4,0.5547017819888079,"{""type"":""MultiPoint"",""coordinates"":[]}"
3_65,66,4,0.5545437507963386,"{""type"":""MultiPoint"",""coordinates"":[]}"
3_66,67,4,0.5389477846505242,"{""type"":""MultiPoint"",""coordinates"":[]}"
3_67,68,4,0.5233663938116925,"{""type"":""MultiPoint"",""coordinates"":[]}"
3_68,69,4,0.5232351131144936,"{""type"":""MultiPoint"",""coordinates"":[]}"
3_69,70,4,0.5076501064193033,"{""type"":""MultiPoint"",""coordinates"":[]}"
3_70,71,4,0.4920847500125412,"{""type"":""MultiPoint"",""coordinates"":[]}"
3_71,72,4,0.49195033992936654,"{""type"":""MultiPoint"",""coordinates"":[]}"
3_72,73,4,0.4763924594590144,"{""type"":""MultiPoint"",""coordinates"":[]}"
3_73,74,4,0.4725904722223045,"{""type"":""MultiPoint"",""coordinates"":[]}"
3_74,75,4,0.4569853836757656,"{""type"":""MultiPoint"",""coordinates"":[]}"
3_75,76,4,0.44916541779285274,"{""type"":""MultiPoint"",""coordinates"":[]}"
3_76,77,4,0.4413474186264548,"{""type"":""MultiPoint"",""coordinates"":[]}"
3_77,78,4,0.4335344273987166,"{""type"":""MultiPoint"",""coordinates"":[]}"
3_78,79,4,0.4257185001265978,"{""type"":""MultiPoint"",""coordinates"":[]}"
3_79,80,4,0.417907082901239,"{""type"":""MultiPoint"",""coordinates"":[]}"
3_80,81,4,0.4100930260743828,"{""type"":""MultiPoint"",""coordinates"":[]}"
3_81,82,4,0.4022870241503805,"{""type"":""MultiPoint"",""coordinates"":[]}"
3_82,83,4,0.39447359942968346,"{""type"":""MultiPoint"",""coordinates"":[]}"
3_83,84,4,0.38665896666566774,"{""type"":""MultiPoint"",""coordinates"":[]}"
3_84,85,4,0.37884686634648324,"{""type"":""MultiPoint"",""coordinates"":[]}"
3_85,86,4,0.37103906704739475,"{""type"":""MultiPoint"",""coordinates"":[]}"
3_86,87,4,0.36323445547248867,"{""type"":""MultiPoint"",""coordinates"":[]}"
3_87,88,4,0.3554175784251147,"{""type"":""MultiPoint"",""coordinates"":[]}"
3_88,89,4,0.34760349269610097,"{""type"":""MultiPoint"",""coordinates"":[]}"
3_89,90,4,0.3397952005206016,"{""type"":""MultiPoint"",""coordinates"":[]}"
3_90,91,4,0.33197531413780706,"{""type"":""MultiPoint"",""coordinates"":[]}"
3_91,92,4,0.3241641068208343,"{""type"":""MultiPoint"",""coordinates"":[]}"
3_92,93,4,0.32418351088845576,"{""type"":""MultiPoint"",""coordinates"":[]}"
3_93,94,4,0.3163669838052772,"{""type"":""MultiPoint"",""coordinates"":[]}"
3_94,95,4,0.30855732552982945,"{""type"":""MultiPoint"",""coordinates"":[]}"
3_95,96,4,0.3007389674346265,"{""type"":""MultiPoint"",""coordinates"":[]}"
3_96,97,4,0.2929214755320063,"{""type"":""MultiPoint"",""coordinates"":[]}"
3_97,98,4,0.28510064437518096,"{""type"":""MultiPoint"",""coordinates"":[]}"
3_98,99,4,0.2851058928388028,"{""type"":""MultiPoint"",""coordinates"":[]}"
3_99,100,4,0.2772855836485998,"{""type"":""MultiPoint"",""coordinates"":[]}"
4_0,1,5,0.34762759627093537,"{""type"":""MultiPoint"",""coordinates"":[]}"
4_1,2,5,0.3710433440941487,"{""type"":""MultiPoint"",""coordinates"":[]}"
4_2,3,5,0.39451595345034024,"{""type"":""MultiPoint"",""coordinates"":[]}"
4_3,4,5,0.41795847341792697,"{""type"":""MultiPoint"",""coordinates"":[]}"
4_4,5,5,0.445467007152798,"{""type"":""MultiPoint"",""coordinates"":[]}"
4_5,6,5,0.46106781866849794,"{""type"":""MultiPoint"",""coordinates"":[]}"
4_6,7,5,0.4922520582595611,"{""type"":""MultiPoint"",""coordinates"":[]}"
4_7,8,5,0.50786130314343,"{""type"":""MultiPoint"",""coordinates"":[]}"
4_8,9,5,0.5234598974735661,"{""type"":""MultiPoint"",""coordinates"":[]}"
4_9,10,5,0.5546874913023454,"{""type"":""MultiPoint"",""coordinates"":[]}"
4_10,11,5,0.570377690924834,"{""type"":""MultiPoint"",""coordinates"":[]}"
4_11,12,5,0.5859740493144043,"{""type"":""MultiPoint"",""coordinates"":[]}"
4_12,13,5,0.6014761432469993,"{""type"":""MultiPoint"",""coordinates"":[]}"
4_13,14,5,0.632642224781666,"{""type"":""MultiPoint"",""coordinates"":[]}"
4_14,15,5,0.6483047331275088,"{""type"":""MultiPoint"",""coordinates"":[]}"
4_15,16,5,0.6640809767852504,"{""type"":""MultiPoint"",""coordinates"":[]}"
4_16,17,5,0.6716949860803783,"{""type"":""MultiPoint"",""coordinates"":[]}"
4_17,18,5,0.7025581768288015,"{""type"":""MultiPoint"",""coordinates"":[]}"
4_18,19,5,0.7026650294079427,"{""type"":""MultiPoint"",""coordinates"":[]}"
4_19,20,5,0.7028165964689385,"{""type"":""MultiPoint"",""coordinates"":[]}"
4_20,21,5,0.7337186874911374,"{""type"":""MultiPoint"",""coordinates"":[]}"
4_21,22,5,0.7338038290849412,"{""type"":""MultiPoint"",""coordinates"":[]}"
4_22,23,5,0.7338922053198693,"{""type"":""MultiPoint"",""coordinates"":[]}"
4_23,24,5,0.7339253904410865,"{""type"":""MultiPoint"",""coordinates"":[]}"
4_24,25,5,0.7650625997532733,"{""type"":""MultiPoint"",""coordinates"":[]}"
4_25,26,5,0.7651084339369771,"{""type"":""MultiPoint"",""coordinates"":[]}"
4_26,27,5,0.7651288845200301,"{""type"":""MultiPoint"",""coordinates"":[]}"
4_27,28,5,0.7651181429769989,"{""type"":""MultiPoint"",""coordinates"":[]}"
4_28,29,5,0.765090138772203,"{""type"":""MultiPoint"",""coordinates"":[]}"
4_29,30,5,0.7650944490566383,"{""type"":""MultiPoint"",""coordinates"":[]}"
4_30,31,5,0.7650930400958743,"{""type"":""MultiPoint"",""coordinates"":[]}"
4_31,32,5,0.7650882055370455,"{""type"":""MultiPoint"",""coordinates"":[]}"
4_32,33,5,0.7650982857100076,"{""type"":""MultiPoint"",""coordinates"":[]}"
4_33,34,5,0.7650887131945621,"{""type"":""MultiPoint"",""coordinates"":[]}"
4_34,35,5,0.765099925816189,"{""type"":""MultiPoint"",""coordinates"":[]}"
4_35,36,5,0.765092500419076,"{""type"":""MultiPoint"",""coordinates"":[]}"
4_36,37,5,0.7651261633437375,"{""type"":""MultiPoint"",""coordinates"":[]}"
4_37,38,5,0.7651640739358732,"{""type"":""MultiPoint"",""coordinates"":[]}"
4_38,39,5,0.7651989863739639,"{""type"":""MultiPoint"",""coordinates"":[]}"
4_39,40,5,0.7652114911978405,"{""type"":""MultiPoint"",""coordinates"":[]}"
4_40,41,5,0.7652486423479861,"{""type"":""MultiPoint"",""coordinates"":[]}"
4_41,42,5,0.7577328583863523,"{""type"":""MultiPoint"",""coordinates"":[]}"
4_42,43,5,0.7420607948595189,"{""type"":""MultiPoint"",""coordinates"":[]}"
4_43,44,5,0.7421030925878432,"{""type"":""MultiPoint"",""coordinates"":[]}"
4_44,45,5,0.7421065505251018,"{""type"":""MultiPoint"",""coordinates"":[]}"
4_45,46,5,0.7420882748049437,"{""type"":""MultiPoint"",""coordinates"":[]}"
4_46,47,5,0.7265250504933831,"{""type"":""MultiPoint"",""coordinates"":[]}"
4_47,48,5,0.7265206414952919,"{""type"":""MultiPoint"",""coordinates"":[]}"
4_48,49,5,0.7108424397683175,"{""type"":""MultiPoint"",""coordinates"":[]}"
4_49,50,5,0.7109485167380916,"{""type"":""MultiPoint"",""coordinates"":[]}"
4_50,51,5,0.7109910435341152,"{""type"":""MultiPoint"",""coordinates"":[]}"
4_51,52,5,0.6953128314789836,"{""type"":""MultiPoint"",""coordinates"":[]}"
4_52,53,5,0.6953395518098807,"{""type"":""MultiPoint"",""coordinates"":[]}"
4_53,54,5,0.6796424407129794,"{""type"":""MultiPoint"",""coordinates"":[]}"
4_54,55,5,0.6796264976547671,"{""type"":""MultiPoint"",""coordinates"":[]}"
4_55,56,5,0.6639426948839143,"{""type"":""MultiPoint"",""coordinates"":[]}"
4_56,57,5,0.6639362823024779,"{""type"":""MultiPoint"",""coordinates"":[]}"
4_57,58,5,0.6482631607919949,"{""type"":""MultiPoint"",""coordinates"":[]}"
4_58,59,5,0.6326183989654928,"{""type"":""MultiPoint"",""coordinates"":[]}"
4_59,60,5,0.632582347623328,"{""type"":""MultiPoint"",""coordinates"":[]}"
4_60,61,5,0.6169630175825391,"{""type"":""MultiPoint"",""coordinates"":[]}"
4_61,62,5,0.6169237994859698,"{""type"":""MultiPoint"",""coordinates"":[]}"
4_62,63,5,0.601370818995318,"{""type"":""MultiPoint"",""coordinates"":[]}"
4_63,64,5,0.6013109032277443,"{""type"":""MultiPoint"",""coordinates"":[]}"
4_64,65,5,0.5857378838710929,"{""type"":""MultiPoint"",""coordinates"":[]}"
4_65,66,5,0.5856707776446092,"{""type"":""MultiPoint"",""coordinates"":[]}"
4_66,67,5,0.5701605554181358,"{""type"":""MultiPoint"",""coordinates"":[]}"
4_67,68,5,0.5700863663092812,"{""type"":""MultiPoint"",""coordinates"":[]}"
4_68,69,5,0.5545215047690119,"{""type"":""MultiPoint"",""coordinates"":[]}"
4_69,70,5,0.5544770133557338,"{""type"":""MultiPoint"",""coordinates"":[]}"
4_70,71,5,0.5388985486340718,"{""type"":""MultiPoint"",""coordinates"":[]}"
4_71,72,5,0.5388617482407169,"{""type"":""MultiPoint"",""coordinates"":[]}"
4_72,73,5,0.5232561543087378,"{""type"":""MultiPoint"",""coordinates"":[]}"
4_73,74,5,0.5232429023166559,"{""type"":""MultiPoint"",""coordinates"":[]}"
4_74,75,5,0.5076470908064856,"{""type"":""MultiPoint"",""coordinates"":[]}"
4_75,76,5,0.5076026094623705,"{""type"":""MultiPoint"",""coordinates"":[]}"
4_76,77,5,0.4920357692395444,"{""type"":""MultiPoint"",""coordinates"":[]}"
4_77,78,5,0.49195070190291224,"{""type"":""MultiPoint"",""coordinates"":[]}"
4_78,79,5,0.47643324004931825,"{""type"":""MultiPoint"",""coordinates"":[]}"
4_79,80,5,0.47633024942671776,"{""type"":""MultiPoint"",""coordinates"":[]}"
4_80,81,5,0.46084138516689827,"{""type"":""MultiPoint"",""coordinates"":[]}"
4_81,82,5,0.4607099706895846,"{""type"":""MultiPoint"",""coordinates"":[]}"
4_82,83,5,0.460644287336757,"{""type"":""MultiPoint"",""coordinates"":[]}"
4_83,84,5,0.4451084523447979,"{""type"":""MultiPoint"",""coordinates"":[]}"
4_84,85,5,0.445029904595287,"{""type"":""MultiPoint"",""coordinates"":[]}"
4_85,86,5,0.4295441546233199,"{""type"":""MultiPoint"",""coordinates"":[]}"
4_86,87,5,0.4294260626697455,"{""type"":""MultiPoint"",""coordinates"":[]}"
4_87,88,5,0.4139989649358829,"{""type"":""MultiPoint"",""coordinates"":[]}"
4_88,89,5,0.41387782245886295,"{""type"":""MultiPoint"",""coordinates"":[]}"
4_89,90,5,0.3984335845773123,"{""type"":""MultiPoint"",""coordinates"":[]}"
4_90,91,5,0.3982891484440667,"{""type"":""MultiPoint"",""coordinates"":[]}"
4_91,92,5,0.39815987101394634,"{""type"":""MultiPoint"",""coordinates"":[]}"
4_92,93,5,0.3827494241847948,"{""type"":""MultiPoint"",""coordinates"":[]}"
4_93,94,5,0.3826314690032566,"{""type"":""MultiPoint"",""coordinates"":[]}"
4_94,95,5,0.3825561260799953,"{""type"":""MultiPoint"",""coordinates"":[]}"
4_95,96,5,0.3670877491808907,"{""type"":""MultiPoint"",""coordinates"":[]}"
4_96,97,5,0.3669985046564947,"{""type"":""MultiPoint"",""coordinates"":[]}"
4_97,98,5,0.3515903600898297,"{""type"":""MultiPoint"",""coordinates"":[]}"
4_98,99,5,0.35146786987703,"{""type"":""MultiPoint"",""coordinates"":[]}"
4_99,100,5,0.35137145496497874,"{""type"":""MultiPoint"",""coordinates"":[]}"
5_0,1,6,0.3398831290221086,"{""type"":""MultiPoint"",""coordinates"":[]}"
5_1,2,6,0.36333778163683067,"{""type"":""MultiPoint"",""coordinates"":[]}"
5_2,3,6,0.37898147223625134,"{""type"":""MultiPoint"",""coordinates"":[]}"
5_3,4,6,0.40234726654993186,"{""type"":""MultiPoint"",""coordinates"":[]}"
5_4,5,6,0.4179971594412617,"{""type"":""MultiPoint"",""coordinates"":[]}"
5_5,6,6,0.4414637196740121,"{""type"":""MultiPoint"",""coordinates"":[]}"
5_6,7,6,0.45708615364941535,"{""type"":""MultiPoint"",""coordinates"":[]}"
5_7,8,6,0.4805158757223828,"{""type"":""MultiPoint"",""coordinates"":[]}"
5_8,9,6,0.4961103101756048,"{""type"":""MultiPoint"",""coordinates"":[]}"
5_9,10,6,0.5117248163193405,"{""type"":""MultiPoint"",""coordinates"":[]}"
5_10,11,6,0.5351837179132822,"{""type"":""MultiPoint"",""coordinates"":[]}"
5_11,12,6,0.5508075522587937,"{""type"":""MultiPoint"",""coordinates"":[]}"
5_12,13,6,0.5664231491509008,"{""type"":""MultiPoint"",""coordinates"":[]}"
5_13,14,6,0.5820430285128539,"{""type"":""MultiPoint"",""coordinates"":[]}"
5_14,15,6,0.5898652760080383,"{""type"":""MultiPoint"",""coordinates"":[]}"
5_15,16,6,0.6055008927322946,"{""type"":""MultiPoint"",""coordinates"":[]}"
5_16,17,6,0.6133166180923528,"{""type"":""MultiPoint"",""coordinates"":[]}"
5_17,18,6,0.6173224867388784,"{""type"":""MultiPoint"",""coordinates"":[]}"
5_18,19,6,0.6329787174156348,"{""type"":""MultiPoint"",""coordinates"":[]}"
5_19,20,6,0.6329248833550819,"{""type"":""MultiPoint"",""coordinates"":[]}"
5_20,21,6,0.6485972099738696,"{""type"":""MultiPoint"",""coordinates"":[]}"
5_21,22,6,0.6485610353701382,"{""type"":""MultiPoint"",""coordinates"":[]}"
5_22,23,6,0.6485475010339862,"{""type"":""MultiPoint"",""coordinates"":[]}"
5_23,24,6,0.6485320494265939,"{""type"":""MultiPoint"",""coordinates"":[]}"
5_24,25,6,0.664194597524496,"{""type"":""MultiPoint"",""coordinates"":[]}"
5_25,26,6,0.6641825903721224,"{""type"":""MultiPoint"",""coordinates"":[]}"
5_26,27,6,0.6641749594508165,"{""type"":""MultiPoint"",""coordinates"":[]}"
5_27,28,6,0.6641656155072364,"{""type"":""MultiPoint"",""coordinates"":[]}"
5_28,29,6,0.6641565696521505,"{""type"":""MultiPoint"",""coordinates"":[]}"
5_29,30,6,0.6641490181744546,"{""type"":""MultiPoint"",""coordinates"":[]}"
5_30,31,6,0.6641459306866074,"{""type"":""MultiPoint"",""coordinates"":[]}"
5_31,32,6,0.6641530278212462,"{""type"":""MultiPoint"",""coordinates"":[]}"
5_32,33,6,0.6485086251944289,"{""type"":""MultiPoint"",""coordinates"":[]}"
5_33,34,6,0.6485176751754621,"{""type"":""MultiPoint"",""coordinates"":[]}"
5_34,35,6,0.6485180318412966,"{""type"":""MultiPoint"",""coordinates"":[]}"
5_35,36,6,0.6485177443054586,"{""type"":""MultiPoint"",""coordinates"":[]}"
5_36,37,6,0.6328815324706228,"{""type"":""MultiPoint"",""coordinates"":[]}"
5_37,38,6,0.6328892763535606,"{""type"":""MultiPoint"",""coordinates"":[]}"
5_38,39,6,0.6328911239842544,"{""type"":""MultiPoint"",""coordinates"":[]}"
5_39,40,6,0.617268696408499,"{""type"":""MultiPoint"",""coordinates"":[]}"
5_40,41,6,0.6172579520817425,"{""type"":""MultiPoint"",""coordinates"":[]}"
5_41,42,6,0.617247903953012,"{""type"":""MultiPoint"",""coordinates"":[]}"
5_42,43,6,0.6016396757308986,"{""type"":""MultiPoint"",""coordinates"":[]}"
5_43,44,6,0.6016162004726251,"{""type"":""MultiPoint"",""coordinates"":[]}"
5_44,45,6,0.5859835978804616,"{""type"":""MultiPoint"",""coordinates"":[]}"
5_45,46,6,0.5859621182562318,"{""type"":""MultiPoint"",""coordinates"":[]}"
5_46,47,6,0.574225867922887,"{""type"":""MultiPoint"",""coordinates"":[]}"
5_47,48,6,0.5664043251949822,"{""type"":""MultiPoint"",""coordinates"":[]}"
5_48,49,6,0.5585965560538754,"{""type"":""MultiPoint"",""coordinates"":[]}"
5_49,50,6,0.550776478222771,"{""type"":""MultiPoint"",""coordinates"":[]}"
5_50,51,6,0.5429579578465229,"{""type"":""MultiPoint"",""coordinates"":[]}"
5_51,52,6,0.5351436284033627,"{""type"":""MultiPoint"",""coordinates"":[]}"
5_52,53,6,0.5273318585970617,"{""type"":""MultiPoint"",""coordinates"":[]}"
5_53,54,6,0.5195250767082163,"{""type"":""MultiPoint"",""coordinates"":[]}"
5_54,55,6,0.5117107768065339,"{""type"":""MultiPoint"",""coordinates"":[]}"
5_55,56,6,0.5038964929603712,"{""type"":""MultiPoint"",""coordinates"":[]}"
5_56,57,6,0.48826840980775393,"{""type"":""MultiPoint"",""coordinates"":[]}"
5_57,58,6,0.4804512951846179,"{""type"":""MultiPoint"",""coordinates"":[]}"
5_58,59,6,0.4726335915509549,"{""type"":""MultiPoint"",""coordinates"":[]}"
5_59,60,6,0.4648110468691236,"{""type"":""MultiPoint"",""coordinates"":[]}"
5_60,61,6,0.4569961467812906,"{""type"":""MultiPoint"",""coordinates"":[]}"
5_61,62,6,0.4491770076699041,"{""type"":""MultiPoint"",""coordinates"":[]}"
5_62,63,6,0.4413702618567965,"{""type"":""MultiPoint"",""coordinates"":[]}"
5_63,64,6,0.4335516086879729,"{""type"":""MultiPoint"",""coordinates"":[]}"
5_64,65,6,0.425730076831168,"{""type"":""MultiPoint"",""coordinates"":[]}"
5_65,66,6,0.417914011562889,"{""type"":""MultiPoint"",""coordinates"":[]}"
5_66,67,6,0.41010615038003395,"{""type"":""MultiPoint"",""coordinates"":[]}"
5_67,68,6,0.4023003694580653,"{""type"":""MultiPoint"",""coordinates"":[]}"
5_68,69,6,0.39448361471968946,"{""type"":""MultiPoint"",""coordinates"":[]}"
5_69,70,6,0.386676357783572,"{""type"":""MultiPoint"",""coordinates"":[]}"
5_70,71,6,0.3788698261318514,"{""type"":""MultiPoint"",""coordinates"":[]}"
5_71,72,6,0.378864752732833,"{""type"":""MultiPoint"",""coordinates"":[]}"
5_72,73,6,0.3710602393474102,"{""type"":""MultiPoint"",""coordinates"":[]}"
5_73,74,6,0.3632607308506536,"{""type"":""MultiPoint"",""coordinates"":[]}"
5_74,75,6,0.35545157536929467,"{""type"":""MultiPoint"",""coordinates"":[]}"
5_75,76,6,0.34764696730831546,"{""type"":""MultiPoint"",""coordinates"":[]}"
5_76,77,6,0.34763617328353513,"{""type"":""MultiPoint"",""coordinates"":[]}"
5_77,78,6,0.33788581367097625,"{""type"":""MultiPoint"",""coordinates"":[]}"
5_78,79,6,0.3339809146305387,"{""type"":""MultiPoint"",""coordinates"":[]}"
5_79,80,6,0.3261703817313594,"{""type"":""MultiPoint"",""coordinates"":[]}"
5_80,81,6,0.3222596499268517,"{""type"":""MultiPoint"",""coordinates"":[]}"
5_81,82,6,0.3144473686050358,"{""type"":""MultiPoint"",""coordinates"":[]}"
5_82,83,6,0.3105422607448975,"{""type"":""MultiPoint"",""coordinates"":[]}"
5_83,84,6,0.3027385112329531,"{""type"":""MultiPoint"",""coordinates"":[]}"
5_84,85,6,0.29882593273272595,"{""type"":""MultiPoint"",""coordinates"":[]}"
5_85,86,6,0.29492199672536784,"{""type"":""MultiPoint"",""coordinates"":[]}"
5_86,87,6,0.28711239473619027,"{""type"":""MultiPoint"",""coordinates"":[]}"
5_87,88,6,0.28320600677972024,"{""type"":""MultiPoint"",""coordinates"":[]}"
5_88,89,6,0.27929996589309963,"{""type"":""MultiPoint"",""coordinates"":[]}"
5_89,90,6,0.27539407072802613,"{""type"":""MultiPoint"",""coordinates"":[]}"
5_90,91,6,0.2675799094512719,"{""type"":""MultiPoint"",""coordinates"":[]}"
5_91,92,6,0.2636746460486208,"{""type"":""MultiPoint"",""coordinates"":[]}"
5_92,93,6,0.25976515138924283,"{""type"":""MultiPoint"",""coordinates"":[]}"
5_93,94,6,0.2558646689174856,"{""type"":""MultiPoint"",""coordinates"":[]}"
5_94,95,6,0.24804247983459451,"{""type"":""MultiPoint"",""coordinates"":[]}"
5_95,96,6,0.24414137205697226,"{""type"":""MultiPoint"",""coordinates"":[]}"
5_96,97,6,0.24023852029872106,"{""type"":""MultiPoint"",""coordinates"":[]}"
5_97,98,6,0.2363313032637122,"{""type"":""MultiPoint"",""coordinates"":[]}"
5_98,99,6,0.23241849885553578,"{""type"":""MultiPoint"",""coordinates"":[]}"
5_99,100,6,0.22851045480869717,"{""type"":""MultiPoint"",""coordinates"":[]}"
6_0,1,7,0.44920544139173024,"{""type"":""MultiPoint"",""coordinates"":[]}"
6_1,2,7,0.45702089685093233,"{""type"":""MultiPoint"",""coordinates"":[]}"
6_2,3,7,0.4648327291827318,"{""type"":""MultiPoint"",""coordinates"":[]}"
6_3,4,7,0.47265114426694116,"{""type"":""MultiPoint"",""coordinates"":[]}"
6_4,5,7,0.4804630429055985,"{""type"":""MultiPoint"",""coordinates"":[]}"
6_5,6,7,0.480454819432498,"{""type"":""MultiPoint"",""coordinates"":[]}"
6_6,7,7,0.492154071622242,"{""type"":""MultiPoint"",""coordinates"":[]}"
6_7,8,7,0.4921759150334857,"{""type"":""MultiPoint"",""coordinates"":[]}"
6_8,9,7,0.507766893328077,"{""type"":""MultiPoint"",""coordinates"":[]}"
6_9,10,7,0.5077675880522701,"{""type"":""MultiPoint"",""coordinates"":[]}"
6_10,11,7,0.5078209882429204,"{""type"":""MultiPoint"",""coordinates"":[]}"
6_11,12,7,0.5233722392151202,"{""type"":""MultiPoint"",""coordinates"":[]}"
6_12,13,7,0.5233886915571158,"{""type"":""MultiPoint"",""coordinates"":[]}"
6_13,14,7,0.5233718155013727,"{""type"":""MultiPoint"",""coordinates"":[]}"
6_14,15,7,0.523361755076953,"{""type"":""MultiPoint"",""coordinates"":[]}"
6_15,16,7,0.5390097352331171,"{""type"":""MultiPoint"",""coordinates"":[]}"
6_16,17,7,0.5389677707358385,"{""type"":""MultiPoint"",""coordinates"":[]}"
6_17,18,7,0.5389175757873643,"{""type"":""MultiPoint"",""coordinates"":[]}"
6_18,19,7,0.5389067134992096,"{""type"":""MultiPoint"",""coordinates"":[]}"
6_19,20,7,0.5546528503312156,"{""type"":""MultiPoint"",""coordinates"":[]}"
6_20,21,7,0.5546139763891016,"{""type"":""MultiPoint"",""coordinates"":[]}"
6_21,22,7,0.5545925636158243,"{""type"":""MultiPoint"",""coordinates"":[]}"
6_22,23,7,0.5545752378692206,"{""type"":""MultiPoint"",""coordinates"":[]}"
6_23,24,7,0.5545758399447599,"{""type"":""MultiPoint"",""coordinates"":[]}"
6_24,25,7,0.5545949121311092,"{""type"":""MultiPoint"",""coordinates"":[]}"
6_25,26,7,0.5545978999675016,"{""type"":""MultiPoint"",""coordinates"":[]}"
6_26,27,7,0.5702684183416045,"{""type"":""MultiPoint"",""coordinates"":[]}"
6_27,28,7,0.5702602726766185,"{""type"":""MultiPoint"",""coordinates"":[]}"
6_28,29,7,0.5702476758157219,"{""type"":""MultiPoint"",""coordinates"":[]}"
6_29,30,7,0.5702475996608574,"{""type"":""MultiPoint"",""coordinates"":[]}"
6_30,31,7,0.5702456598914863,"{""type"":""MultiPoint"",""coordinates"":[]}"
6_31,32,7,0.5702505144919444,"{""type"":""MultiPoint"",""coordinates"":[]}"
6_32,33,7,0.570255609924608,"{""type"":""MultiPoint"",""coordinates"":[]}"
6_33,34,7,0.5702520044629361,"{""type"":""MultiPoint"",""coordinates"":[]}"
6_34,35,7,0.5702745759067963,"{""type"":""MultiPoint"",""coordinates"":[]}"
6_35,36,7,0.5702923392372186,"{""type"":""MultiPoint"",""coordinates"":[]}"
6_36,37,7,0.5702878550355923,"{""type"":""MultiPoint"",""coordinates"":[]}"
6_37,38,7,0.5702826600922958,"{""type"":""MultiPoint"",""coordinates"":[]}"
6_38,39,7,0.5702924719647448,"{""type"":""MultiPoint"",""coordinates"":[]}"
6_39,40,7,0.5702863196598743,"{""type"":""MultiPoint"",""coordinates"":[]}"
6_40,41,7,0.5702995306296513,"{""type"":""MultiPoint"",""coordinates"":[]}"
6_41,42,7,0.5703081327220814,"{""type"":""MultiPoint"",""coordinates"":[]}"
6_42,43,7,0.5703143137370824,"{""type"":""MultiPoint"",""coordinates"":[]}"
6_43,44,7,0.5703249945265922,"{""type"":""MultiPoint"",""coordinates"":[]}"
6_44,45,7,0.5703403989980235,"{""type"":""MultiPoint"",""coordinates"":[]}"
6_45,46,7,0.5703374743715958,"{""type"":""MultiPoint"",""coordinates"":[]}"
6_46,47,7,0.5703185016294596,"{""type"":""MultiPoint"",""coordinates"":[]}"
6_47,48,7,0.5703219386308679,"{""type"":""MultiPoint"",""coordinates"":[]}"
6_48,49,7,0.5703032492881779,"{""type"":""MultiPoint"",""coordinates"":[]}"
6_49,50,7,0.5703009237619565,"{""type"":""MultiPoint"",""coordinates"":[]}"
6_50,51,7,0.5703081664485478,"{""type"":""MultiPoint"",""coordinates"":[]}"
6_51,52,7,0.5546620239769745,"{""type"":""MultiPoint"",""coordinates"":[]}"
6_52,53,7,0.5546393218890812,"{""type"":""MultiPoint"",""coordinates"":[]}"
6_53,54,7,0.5586025764159384,"{""type"":""MultiPoint"",""coordinates"":[]}"
6_54,55,7,0.5586003923047508,"{""type"":""MultiPoint"",""coordinates"":[]}"
6_55,56,7,0.5507677031048109,"{""type"":""MultiPoint"",""coordinates"":[]}"
6_56,57,7,0.5507728288140404,"{""type"":""MultiPoint"",""coordinates"":[]}"
6_57,58,7,0.5507807101196032,"{""type"":""MultiPoint"",""coordinates"":[]}"
6_58,59,7,0.5508104064696104,"{""type"":""MultiPoint"",""coordinates"":[]}"
6_59,60,7,0.5429595361629432,"{""type"":""MultiPoint"",""coordinates"":[]}"
6_60,61,7,0.5429745772365803,"{""type"":""MultiPoint"",""coordinates"":[]}"
6_61,62,7,0.5429995365744519,"{""type"":""MultiPoint"",""coordinates"":[]}"
6_62,63,7,0.5351597833580162,"{""type"":""MultiPoint"",""coordinates"":[]}"
6_63,64,7,0.5351537299733894,"{""type"":""MultiPoint"",""coordinates"":[]}"
6_64,65,7,0.5351713853902013,"{""type"":""MultiPoint"",""coordinates"":[]}"
6_65,66,7,0.5273429370834106,"{""type"":""MultiPoint"",""coordinates"":[]}"
6_66,67,7,0.527348139566535,"{""type"":""MultiPoint"",""coordinates"":[]}"
6_67,68,7,0.5273674082319597,"{""type"":""MultiPoint"",""coordinates"":[]}"
6_68,69,7,0.5195395846270238,"{""type"":""MultiPoint"",""coordinates"":[]}"
6_69,70,7,0.5195468891759403,"{""type"":""MultiPoint"",""coordinates"":[]}"
6_70,71,7,0.5117369735306153,"{""type"":""MultiPoint"",""coordinates"":[]}"
6_71,72,7,0.5117376025079237,"{""type"":""MultiPoint"",""coordinates"":[]}"
6_72,73,7,0.5039259710844443,"{""type"":""MultiPoint"",""coordinates"":[]}"
6_73,74,7,0.5039481705936621,"{""type"":""MultiPoint"",""coordinates"":[]}"
6_74,75,7,0.49612050239995387,"{""type"":""MultiPoint"",""coordinates"":[]}"
6_75,76,7,0.49613517143098296,"{""type"":""MultiPoint"",""coordinates"":[]}"
6_76,77,7,0.48832881219068125,"{""type"":""MultiPoint"",""coordinates"":[]}"
6_77,78,7,0.48834299203233933,"{""type"":""MultiPoint"",""coordinates"":[]}"
6_78,79,7,0.4805127754666832,"{""type"":""MultiPoint"",""coordinates"":[]}"
6_79,80,7,0.48052434625638557,"{""type"":""MultiPoint"",""coordinates"":[]}"
6_80,81,7,0.4727060465825989,"{""type"":""MultiPoint"",""coordinates"":[]}"
6_81,82,7,0.4649066079405783,"{""type"":""MultiPoint"",""coordinates"":[]}"
6_82,83,7,0.4648620276682555,"{""type"":""MultiPoint"",""coordinates"":[]}"
6_83,84,7,0.45706624247870187,"{""type"":""MultiPoint"",""coordinates"":[]}"
6_84,85,7,0.44923608857154246,"{""type"":""MultiPoint"",""coordinates"":[]}"
6_85,86,7,0.44923629884232713,"{""type"":""MultiPoint"",""coordinates"":[]}"
6_86,87,7,0.4414345187084683,"{""type"":""MultiPoint"",""coordinates"":[]}"
6_87,88,7,0.4336165052601578,"{""type"":""MultiPoint"",""coordinates"":[]}"
6_88,89,7,0.43363223335423906,"{""type"":""MultiPoint"",""coordinates"":[]}"
6_89,90,7,0.4258112329747714,"{""type"":""MultiPoint"",""coordinates"":[]}"
6_90,91,7,0.41799952369942106,"{""type"":""MultiPoint"",""coordinates"":[]}"
6_91,92,7,0.418028819309828,"{""type"":""MultiPoint"",""coordinates"":[]}"
6_92,93,7,0.4102164854991187,"{""type"":""MultiPoint"",""coordinates"":[]}"
6_93,94,7,0.41022009642944796,"{""type"":""MultiPoint"",""coordinates"":[]}"
6_94,95,7,0.4024097305736579,"{""type"":""MultiPoint"",""coordinates"":[]}"
6_95,96,7,0.3946116204136714,"{""type"":""MultiPoint"",""coordinates"":[]}"
6_96,97,7,0.392596716211409,"{""type"":""MultiPoint"",""coordinates"":[]}"
6_97,98,7,0.38478498770508746,"{""type"":""MultiPoint"",""coordinates"":[]}"
6_98,99,7,0.3808778763074575,"{""type"":""MultiPoint"",""coordinates"":[]}"
6_99,100,7,0.37696585984834896,"{""type"":""MultiPoint"",""coordinates"":[]}"
7_0,1,8,0.31640344922331326,"{""type"":""MultiPoint"",""coordinates"":[]}"
7_1,2,8,0.33204423357128765,"{""type"":""MultiPoint"",""coordinates"":[]}"
7_2,3,8,0.3398551352796,"{""type"":""MultiPoint"",""coordinates"":[]}"
7_3,4,8,0.34767588502847274,"{""type"":""MultiPoint"",""coordinates"":[]}"
7_4,5,8,0.3476214856858371,"{""type"":""MultiPoint"",""coordinates"":[]}"
7_5,6,8,0.3554566450334472,"{""type"":""MultiPoint"",""coordinates"":[]}"
7_6,7,8,0.3672361810015733,"{""type"":""MultiPoint"",""coordinates"":[]}"
7_7,8,8,0.36715458595454764,"{""type"":""MultiPoint"",""coordinates"":[]}"
7_8,9,8,0.3670701724851707,"{""type"":""MultiPoint"",""coordinates"":[]}"
7_9,10,8,0.3670603828600898,"{""type"":""MultiPoint"",""coordinates"":[]}"
7_10,11,8,0.38278738699695,"{""type"":""MultiPoint"",""coordinates"":[]}"
7_11,12,8,0.3827362210204806,"{""type"":""MultiPoint"",""coordinates"":[]}"
7_12,13,8,0.3827068625528343,"{""type"":""MultiPoint"",""coordinates"":[]}"
7_13,14,8,0.38270316725748577,"{""type"":""MultiPoint"",""coordinates"":[]}"
7_14,15,8,0.3983769384802554,"{""type"":""MultiPoint"",""coordinates"":[]}"
7_15,16,8,0.39834960027814864,"{""type"":""MultiPoint"",""coordinates"":[]}"
7_16,17,8,0.3983639591193111,"{""type"":""MultiPoint"",""coordinates"":[]}"
7_17,18,8,0.3983898085830875,"{""type"":""MultiPoint"",""coordinates"":[]}"
7_18,19,8,0.3984103603409297,"{""type"":""MultiPoint"",""coordinates"":[]}"
7_19,20,8,0.3984229892743579,"{""type"":""MultiPoint"",""coordinates"":[]}"
7_20,21,8,0.3984104147288863,"{""type"":""MultiPoint"",""coordinates"":[]}"
7_21,22,8,0.4140443143989421,"{""type"":""MultiPoint"",""coordinates"":[]}"
7_22,23,8,0.4140654418593821,"{""type"":""MultiPoint"",""coordinates"":[]}"
7_23,24,8,0.41405514478431327,"{""type"":""MultiPoint"",""coordinates"":[]}"
7_24,25,8,0.4140266012300965,"{""type"":""MultiPoint"",""coordinates"":[]}"
7_25,26,8,0.41400429488431467,"{""type"":""MultiPoint"",""coordinates"":[]}"
7_26,27,8,0.41400581779735535,"{""type"":""MultiPoint"",""coordinates"":[]}"
7_27,28,8,0.414021320845601,"{""type"":""MultiPoint"",""coordinates"":[]}"
7_28,29,8,0.41402805127171,"{""type"":""MultiPoint"",""coordinates"":[]}"
7_29,30,8,0.4140282109050023,"{""type"":""MultiPoint"",""coordinates"":[]}"
7_30,31,8,0.4140359027155188,"{""type"":""MultiPoint"",""coordinates"":[]}"
7_31,32,8,0.41404652689188526,"{""type"":""MultiPoint"",""coordinates"":[]}"
7_32,33,8,0.41406844100977286,"{""type"":""MultiPoint"",""coordinates"":[]}"
7_33,34,8,0.4140652515812719,"{""type"":""MultiPoint"",""coordinates"":[]}"
7_34,35,8,0.41404967096373096,"{""type"":""MultiPoint"",""coordinates"":[]}"
7_35,36,8,0.4140467140770496,"{""type"":""MultiPoint"",""coordinates"":[]}"
7_36,37,8,0.41403668016416245,"{""type"":""MultiPoint"",""coordinates"":[]}"
7_37,38,8,0.4140203279134679,"{""type"":""MultiPoint"",""coordinates"":[]}"
7_38,39,8,0.41399762334070295,"{""type"":""MultiPoint"",""coordinates"":[]}"
7_39,40,8,0.4139773469250905,"{""type"":""MultiPoint"",""coordinates"":[]}"
7_40,41,8,0.3983632388480978,"{""type"":""MultiPoint"",""coordinates"":[]}"
7_41,42,8,0.3983523324262995,"{""type"":""MultiPoint"",""coordinates"":[]}"
7_42,43,8,0.3983378868845771,"{""type"":""MultiPoint"",""coordinates"":[]}"
7_43,44,8,0.3983211688827834,"{""type"":""MultiPoint"",""coordinates"":[]}"
7_44,45,8,0.3983285919698829,"{""type"":""MultiPoint"",""coordinates"":[]}"
7_45,46,8,0.39833947681708126,"{""type"":""MultiPoint"",""coordinates"":[]}"
7_46,47,8,0.3983439517176447,"{""type"":""MultiPoint"",""coordinates"":[]}"
7_47,48,8,0.3983681629021667,"{""type"":""MultiPoint"",""coordinates"":[]}"
7_48,49,8,0.39837307328017474,"{""type"":""MultiPoint"",""coordinates"":[]}"
7_49,50,8,0.3984047908766694,"{""type"":""MultiPoint"",""coordinates"":[]}"
7_50,51,8,0.3984040931267008,"{""type"":""MultiPoint"",""coordinates"":[]}"
7_51,52,8,0.3829571034141937,"{""type"":""MultiPoint"",""coordinates"":[]}"
7_52,53,8,0.3829504342600824,"{""type"":""MultiPoint"",""coordinates"":[]}"
7_53,54,8,0.3829278438088395,"{""type"":""MultiPoint"",""coordinates"":[]}"
7_54,55,8,0.38289054290130325,"{""type"":""MultiPoint"",""coordinates"":[]}"
7_55,56,8,0.38285748437462397,"{""type"":""MultiPoint"",""coordinates"":[]}"
7_56,57,8,0.382847130681487,"{""type"":""MultiPoint"",""coordinates"":[]}"
7_57,58,8,0.36722821554757384,"{""type"":""MultiPoint"",""coordinates"":[]}"
7_58,59,8,0.36718743633528744,"{""type"":""MultiPoint"",""coordinates"":[]}"
7_59,60,8,0.36717719278730043,"{""type"":""MultiPoint"",""coordinates"":[]}"
7_60,61,8,0.36719678040662146,"{""type"":""MultiPoint"",""coordinates"":[]}"
7_61,62,8,0.36721403313223766,"{""type"":""MultiPoint"",""coordinates"":[]}"
7_62,63,8,0.36727722541583735,"{""type"":""MultiPoint"",""coordinates"":[]}"
7_63,64,8,0.35156680162871656,"{""type"":""MultiPoint"",""coordinates"":[]}"
7_64,65,8,0.35158453195618977,"{""type"":""MultiPoint"",""coordinates"":[]}"
7_65,66,8,0.3516191378924373,"{""type"":""MultiPoint"",""coordinates"":[]}"
7_66,67,8,0.35167571784285995,"{""type"":""MultiPoint"",""coordinates"":[]}"
7_67,68,8,0.33598736895526515,"{""type"":""MultiPoint"",""coordinates"":[]}"
7_68,69,8,0.33598038166848376,"{""type"":""MultiPoint"",""coordinates"":[]}"
7_69,70,8,0.33600681929999465,"{""type"":""MultiPoint"",""coordinates"":[]}"
7_70,71,8,0.33611525892989574,"{""type"":""MultiPoint"",""coordinates"":[]}"
7_71,72,8,0.3361635182200709,"{""type"":""MultiPoint"",""coordinates"":[]}"
7_72,73,8,0.3203013527573039,"{""type"":""MultiPoint"",""coordinates"":[]}"
7_73,74,8,0.3203653048956406,"{""type"":""MultiPoint"",""coordinates"":[]}"
7_74,75,8,0.3204348684566896,"{""type"":""MultiPoint"",""coordinates"":[]}"
7_75,76,8,0.32048851788876215,"{""type"":""MultiPoint"",""coordinates"":[]}"
7_76,77,8,0.30475564458051085,"{""type"":""MultiPoint"",""coordinates"":[]}"
7_77,78,8,0.3047829603282095,"{""type"":""MultiPoint"",""coordinates"":[]}"
7_78,79,8,0.30487322716220083,"{""type"":""MultiPoint"",""coordinates"":[]}"
7_79,80,8,0.30489408237010035,"{""type"":""MultiPoint"",""coordinates"":[]}"
7_80,81,8,0.2891942633111455,"{""type"":""MultiPoint"",""coordinates"":[]}"
7_81,82,8,0.28924157768144154,"{""type"":""MultiPoint"",""coordinates"":[]}"
7_82,83,8,0.28926853753467535,"{""type"":""MultiPoint"",""coordinates"":[]}"
7_83,84,8,0.28520540919621695,"{""type"":""MultiPoint"",""coordinates"":[]}"
7_84,85,8,0.27739044858351986,"{""type"":""MultiPoint"",""coordinates"":[]}"
7_85,86,8,0.27738254956076797,"{""type"":""MultiPoint"",""coordinates"":[]}"
7_86,87,8,0.26957420626472395,"{""type"":""MultiPoint"",""coordinates"":[]}"
7_87,88,8,0.269561930766665,"{""type"":""MultiPoint"",""coordinates"":[]}"
7_88,89,8,0.2617544103574989,"{""type"":""MultiPoint"",""coordinates"":[]}"
7_89,90,8,0.26175498770596595,"{""type"":""MultiPoint"",""coordinates"":[]}"
7_90,91,8,0.2539504448949294,"{""type"":""MultiPoint"",""coordinates"":[]}"
7_91,92,8,0.2539238615158792,"{""type"":""MultiPoint"",""coordinates"":[]}"
7_92,93,8,0.24613678553190405,"{""type"":""MultiPoint"",""coordinates"":[]}"
7_93,94,8,0.24611566350878517,"{""type"":""MultiPoint"",""coordinates"":[]}"
7_94,95,8,0.23830983892248161,"{""type"":""MultiPoint"",""coordinates"":[]}"
7_95,96,8,0.2383080924253079,"{""type"":""MultiPoint"",""coordinates"":[]}"
7_96,97,8,0.23049952945382948,"{""type"":""MultiPoint"",""coordinates"":[]}"
7_97,98,8,0.23049084809183096,"{""type"":""MultiPoint"",""coordinates"":[]}"
7_98,99,8,0.2226925866769326,"{""type"":""MultiPoint"",""coordinates"":[]}"
7_99,100,8,0.22266549945990483,"{""type"":""MultiPoint"",""coordinates"":[]}"
8_0,1,12,0.20702808725629274,"{""type"":""MultiPoint"",""coordinates"":[]}"
8_1,2,12,0.214815860461942,"{""type"":""MultiPoint"",""coordinates"":[]}"
8_2,3,12,0.2148447519465634,"{""type"":""MultiPoint"",""coordinates"":[]}"
8_3,4,12,0.21483696067171298,"{""type"":""MultiPoint"",""coordinates"":[]}"
8_4,5,12,0.22264088739604573,"{""type"":""MultiPoint"",""coordinates"":[]}"
8_5,6,12,0.22262992009510288,"{""type"":""MultiPoint"",""coordinates"":[]}"
8_6,7,12,0.2226335922340015,"{""type"":""MultiPoint"",""coordinates"":[]}"
8_7,8,12,0.22649352259922803,"{""type"":""MultiPoint"",""coordinates"":[]}"
8_8,9,12,0.22648802362988626,"{""type"":""MultiPoint"",""coordinates"":[]}"
8_9,10,12,0.226465885071017,"{""type"":""MultiPoint"",""coordinates"":[]}"
8_10,11,12,0.2264518787824246,"{""type"":""MultiPoint"",""coordinates"":[]}"
8_11,12,12,0.24201891512253015,"{""type"":""MultiPoint"",""coordinates"":[]}"
8_12,13,12,0.24202351805281447,"{""type"":""MultiPoint"",""coordinates"":[]}"
8_13,14,12,0.2420388627745092,"{""type"":""MultiPoint"",""coordinates"":[]}"
8_14,15,12,0.2420449883370151,"{""type"":""MultiPoint"",""coordinates"":[]}"
8_15,16,12,0.2420474858668648,"{""type"":""MultiPoint"",""coordinates"":[]}"
8_16,17,12,0.24206361820724898,"{""type"":""MultiPoint"",""coordinates"":[]}"
8_17,18,12,0.2420491351489789,"{""type"":""MultiPoint"",""coordinates"":[]}"
8_18,19,12,0.24203920850681807,"{""type"":""MultiPoint"",""coordinates"":[]}"
8_19,20,12,0.2420111994912089,"{""type"":""MultiPoint"",""coordinates"":[]}"
8_20,21,12,0.25764820543463124,"{""type"":""MultiPoint"",""coordinates"":[]}"
8_21,22,12,0.25763080912843234,"{""type"":""MultiPoint"",""coordinates"":[]}"
8_22,23,12,0.25762338994839107,"{""type"":""MultiPoint"",""coordinates"":[]}"
8_23,24,12,0.25763215711270904,"{""type"":""MultiPoint"",""coordinates"":[]}"
8_24,25,12,0.25762973178501214,"{""type"":""MultiPoint"",""coordinates"":[]}"
8_25,26,12,0.25763747648139623,"{""type"":""MultiPoint"",""coordinates"":[]}"
8_26,27,12,0.2576370857676224,"{""type"":""MultiPoint"",""coordinates"":[]}"
8_27,28,12,0.25765304626150554,"{""type"":""MultiPoint"",""coordinates"":[]}"
8_28,29,12,0.25766471827620185,"{""type"":""MultiPoint"",""coordinates"":[]}"
8_29,30,12,0.25764970448362334,"{""type"":""MultiPoint"",""coordinates"":[]}"
8_30,31,12,0.25762811610419295,"{""type"":""MultiPoint"",""coordinates"":[]}"
8_31,32,12,0.25761076450308934,"{""type"":""MultiPoint"",""coordinates"":[]}"
8_32,33,12,0.2734315034912955,"{""type"":""MultiPoint"",""coordinates"":[]}"
8_33,34,12,0.27343067553799627,"{""type"":""MultiPoint"",""coordinates"":[]}"
8_34,35,12,0.2734304591880782,"{""type"":""MultiPoint"",""coordinates"":[]}"
8_35,36,12,0.27341755444501575,"{""type"":""MultiPoint"",""coordinates"":[]}"
8_36,37,12,0.27340930519867757,"{""type"":""MultiPoint"",""coordinates"":[]}"
8_37,38,12,0.2733994472285526,"{""type"":""MultiPoint"",""coordinates"":[]}"
8_38,39,12,0.27339884716449936,"{""type"":""MultiPoint"",""coordinates"":[]}"
8_39,40,12,0.27339298286315417,"{""type"":""MultiPoint"",""coordinates"":[]}"
8_40,41,12,0.2733962842686709,"{""type"":""MultiPoint"",""coordinates"":[]}"
8_41,42,12,0.27338904310527035,"{""type"":""MultiPoint"",""coordinates"":[]}"
8_42,43,12,0.2733567777879161,"{""type"":""MultiPoint"",""coordinates"":[]}"
8_43,44,12,0.27334709606529023,"{""type"":""MultiPoint"",""coordinates"":[]}"
8_44,45,12,0.2733337635337984,"{""type"":""MultiPoint"",""coordinates"":[]}"
8_45,46,12,0.27330817145838215,"{""type"":""MultiPoint"",""coordinates"":[]}"
8_46,47,12,0.27330358246148834,"{""type"":""MultiPoint"",""coordinates"":[]}"
8_47,48,12,0.2732948649275166,"{""type"":""MultiPoint"",""coordinates"":[]}"
8_48,49,12,0.2732903120359558,"{""type"":""MultiPoint"",""coordinates"":[]}"
8_49,50,12,0.27325246220938526,"{""type"":""MultiPoint"",""coordinates"":[]}"
8_50,51,12,0.27323673397595694,"{""type"":""MultiPoint"",""coordinates"":[]}"
8_51,52,12,0.27322026024852186,"{""type"":""MultiPoint"",""coordinates"":[]}"
8_52,53,12,0.27320941310022995,"{""type"":""MultiPoint"",""coordinates"":[]}"
8_53,54,12,0.27320147013922114,"{""type"":""MultiPoint"",""coordinates"":[]}"
8_54,55,12,0.2732146712661303,"{""type"":""MultiPoint"",""coordinates"":[]}"
8_55,56,12,0.27322354732646437,"{""type"":""MultiPoint"",""coordinates"":[]}"
8_56,57,12,0.2732249860890459,"{""type"":""MultiPoint"",""coordinates"":[]}"
8_57,58,12,0.27322430784043245,"{""type"":""MultiPoint"",""coordinates"":[]}"
8_58,59,12,0.2732293647868376,"{""type"":""MultiPoint"",""coordinates"":[]}"
8_59,60,12,0.2732422160868372,"{""type"":""MultiPoint"",""coordinates"":[]}"
8_60,61,12,0.2732350520976312,"{""type"":""MultiPoint"",""coordinates"":[]}"
8_61,62,12,0.27324483967761865,"{""type"":""MultiPoint"",""coordinates"":[]}"
8_62,63,12,0.27322592734856693,"{""type"":""MultiPoint"",""coordinates"":[]}"
8_63,64,12,0.27321160310799675,"{""type"":""MultiPoint"",""coordinates"":[]}"
8_64,65,12,0.2731931822569675,"{""type"":""MultiPoint"",""coordinates"":[]}"
8_65,66,12,0.2731823504906352,"{""type"":""MultiPoint"",""coordinates"":[]}"
8_66,67,12,0.27315298389866527,"{""type"":""MultiPoint"",""coordinates"":[]}"
8_67,68,12,0.26941304048593123,"{""type"":""MultiPoint"",""coordinates"":[]}"
8_68,69,12,0.26939009462590174,"{""type"":""MultiPoint"",""coordinates"":[]}"
8_69,70,12,0.261482705215214,"{""type"":""MultiPoint"",""coordinates"":[]}"
8_70,71,12,0.2615092092410021,"{""type"":""MultiPoint"",""coordinates"":[]}"
8_71,72,12,0.26154302684427505,"{""type"":""MultiPoint"",""coordinates"":[]}"
8_72,73,12,0.26157933471674616,"{""type"":""MultiPoint"",""coordinates"":[]}"
8_73,74,12,0.2615880285293099,"{""type"":""MultiPoint"",""coordinates"":[]}"
8_74,75,12,0.26158689365122245,"{""type"":""MultiPoint"",""coordinates"":[]}"
8_75,76,12,0.2615619170523865,"{""type"":""MultiPoint"",""coordinates"":[]}"
8_76,77,12,0.2615425302526052,"{""type"":""MultiPoint"",""coordinates"":[]}"
8_77,78,12,0.2539059538633075,"{""type"":""MultiPoint"",""coordinates"":[]}"
8_78,79,12,0.2539210738936599,"{""type"":""MultiPoint"",""coordinates"":[]}"
8_79,80,12,0.25395321275294286,"{""type"":""MultiPoint"",""coordinates"":[]}"
8_80,81,12,0.2539569203358493,"{""type"":""MultiPoint"",""coordinates"":[]}"
8_81,82,12,0.2539678651295351,"{""type"":""MultiPoint"",""coordinates"":[]}"
8_82,83,12,0.253970971313713,"{""type"":""MultiPoint"",""coordinates"":[]}"
8_83,84,12,0.2539836533170549,"{""type"":""MultiPoint"",""coordinates"":[]}"
8_84,85,12,0.24585872016998894,"{""type"":""MultiPoint"",""coordinates"":[]}"
8_85,86,12,0.24593468656991546,"{""type"":""MultiPoint"",""coordinates"":[]}"
8_86,87,12,0.24600235188665798,"{""type"":""MultiPoint"",""coordinates"":[]}"
8_87,88,12,0.24604436096007545,"{""type"":""MultiPoint"",""coordinates"":[]}"
8_88,89,12,0.24606955962507163,"{""type"":""MultiPoint"",""coordinates"":[]}"
8_89,90,12,0.24608785566166852,"{""type"":""MultiPoint"",""coordinates"":[]}"
8_90,91,12,0.2380872200487242,"{""type"":""MultiPoint"",""coordinates"":[]}"
8_91,92,12,0.23806754188931628,"{""type"":""MultiPoint"",""coordinates"":[]}"
8_92,93,12,0.2380618784318677,"{""type"":""MultiPoint"",""coordinates"":[]}"
8_93,94,12,0.23805413931185335,"{""type"":""MultiPoint"",""coordinates"":[]}"
8_94,95,12,0.23804816542561516,"{""type"":""MultiPoint"",""coordinates"":[]}"
8_95,96,12,0.23805056936349442,"{""type"":""MultiPoint"",""coordinates"":[]}"
8_96,97,12,0.23034774138532862,"{""type"":""MultiPoint"",""coordinates"":[]}"
8_97,98,12,0.23031692810372856,"{""type"":""MultiPoint"",""coordinates"":[]}"
8_98,99,12,0.23029528615414888,"{""type"":""MultiPoint"",""coordinates"":[]}"
8_99,100,12,0.23029545811449412,"{""type"":""MultiPoint"",""coordinates"":[]}"
